[
 {
  "call": {
   "from": "0x0000000000000000000000000000000000010000",
   "to": "0xc27fbedbf5253341c9878f51a6457bf582ced511",
   "nonce": 0,
   "value": "0x0",
   "gasLimit": 12500000,
   "gasPrice": "0x1",
   "gasFeeCap": "0x0",
   "gasTipCap": "0x0",
   "data": "0x002053a2ffffffffffffffffffffffffffedae7d2eb3f42d08992944c3fdee2023bcba91",
   "dataAbiValues": {
    "methodName": "setCautionDivergenceFlag",
    "inputValues": [
     "115792089237316195423570985008687499339246339436620754815353802676462912584337"
    ]
   },
   "AccessList": null,
   "SkipAccountChecks": false
  },
  "blockNumberDelay": 28626,
  "blockTimestampDelay": 360497
 },
 {
  "call": {
   "from": "0x0000000000000000000000000000000000030000",
   "to": "0x587be02d13c624e65b3d98c33fdf3eea13aaaf97",
   "nonce": 1,
   "value": "0x0",
   "gasLimit": 12500000,
   "gasPrice": "0x1",
   "gasFeeCap": "0x0",
   "gasTipCap": "0x0",
   "data": "0x93e2f78100000000000000000000000024b519a7966de26f187dc220ac1b9c1ca534ea0d",
   "dataAbiValues": {
    "methodName": "migrateTimelockConfiguration",
    "inputValues": [
     "0x24b519A7966de26F187dc220Ac1B9C1ca534EA0d"
    ]
   },
   "AccessList": null,
   "SkipAccountChecks": false
  },
  "blockNumberDelay": 20496,
  "blockTimestampDelay": 297454
 },
 {
  "call": {
   "from": "0x0000000000000000000000000000000000030000",
   "to": "0x2b28fb2641bd0c432d53d909e84d3a41aba92fff",
   "nonce": 2,
   "value": "0x0",
   "gasLimit": 12500000,
   "gasPrice": "0x1",
   "gasFeeCap": "0x0",
   "gasTipCap": "0x0",
   "data": "0x670b74dc",
   "dataAbiValues": {
    "methodName": "totalBorrowsWithUpdate",
    "inputValues": []
   },
   "AccessList": null,
   "SkipAccountChecks": false
  },
  "blockNumberDelay": 0,
  "blockTimestampDelay": 11000
 },
 {
  "call": {
   "from": "0x0000000000000000000000000000000000030000",
   "to": "0xfc11d02bd1b627683935c7cd70b328df9af6275d",
   "nonce": 3,
   "value": "0x0",
   "gasLimit": 12500000,
   "gasPrice": "0x1",
   "gasFeeCap": "0x0",
   "gasTipCap": "0x0",
   "data": "0x095ea7b30000000000000000000000000000000000000000000000000000000005203273ffffffffffffffffffffffffdee3c9e681a096e278738d57fd405e298a21da4e",
   "dataAbiValues": {
    "methodName": "approve",
    "inputValues": [
     "0x0000000000000000000000000000000005203273",
     "115792089237316195423570985008498882024228761488153091214764370043073556765262"
    ]
   },
   "AccessList": null,
   "SkipAccountChecks": false
  },
  "blockNumberDelay": 42302,
  "blockTimestampDelay": 115008
 }
]