[
 {
  "call": {
   "from": "0x0000000000000000000000000000000000030000",
   "to": "0x48e4f3f3dae11341ff2edf60af6857ae08c871c5",
   "nonce": 1,
   "value": "0x0",
   "gasLimit": 12500000,
   "gasPrice": "0x1",
   "gasFeeCap": "0x0",
   "gasTipCap": "0x0",
   "data": "0x1fc1e25f0000000000000000000000000000000000000000000000000000000000000001",
   "dataAbiValues": {
    "methodName": "listToken",
    "inputValues": [
     "0x0000000000000000000000000000000000000001"
    ]
   },
   "AccessList": null,
   "SkipAccountChecks": false
  },
  "blockNumberDelay": 48,
  "blockTimestampDelay": 418126
 },
 {
  "call": {
   "from": "0x0000000000000000000000000000000000020000",
   "to": "0x49be013ba450ca2893b167aeac4044c873eae700",
   "nonce": 0,
   "value": "0x0",
   "gasLimit": 12500000,
   "gasPrice": "0x1",
   "gasFeeCap": "0x0",
   "gasTipCap": "0x0",
   "data": "0x1e83409a00000000000000000000000000000000000000000000000000000000b1652d68",
   "dataAbiValues": {
    "methodName": "claim",
    "inputValues": [
     "0x00000000000000000000000000000000B1652D68"
    ]
   },
   "AccessList": null,
   "SkipAccountChecks": false
  },
  "blockNumberDelay": 25851,
  "blockTimestampDelay": 149182
 }
]