[
 {
  "call": {
   "from": "0x0000000000000000000000000000000000030000",
   "to": "0x48e4f3f3dae11341ff2edf60af6857ae08c871c5",
   "nonce": 1,
   "value": "0x0",
   "gasLimit": 12500000,
   "gasPrice": "0x1",
   "gasFeeCap": "0x0",
   "gasTipCap": "0x0",
   "data": "0x1fc1e25f0000000000000000000000000000000000000000000000000000000000000001",
   "dataAbiValues": {
    "methodName": "listToken",
    "inputValues": [
     "0x0000000000000000000000000000000000000001"
    ]
   },
   "AccessList": null,
   "SkipAccountChecks": false
  },
  "blockNumberDelay": 48,
  "blockTimestampDelay": 418126
 }
]