[
 {
  "call": {
   "from": "0x0000000000000000000000000000000000010000",
   "to": "0xc27fbedbf5253341c9878f51a6457bf582ced511",
   "nonce": 0,
   "value": "0x0",
   "gasLimit": 12500000,
   "gasPrice": "0x1",
   "gasFeeCap": "0x0",
   "gasTipCap": "0x0",
   "data": "0xac9a79aa000000000000000000000000eeeeeeeeeeeeeeeeeeeeeeeeeeeeeeeeeeeeeeee00000000000000000000000000000000000000000000000000000000e675838a",
   "dataAbiValues": {
    "methodName": "removeAssetPriceFeed",
    "inputValues": [
     "0xEeeeeEeeeEeEeeEeEeEeeEEEeeeeEeeeeeeeEEeE",
     "0x00000000000000000000000000000000e675838a"
    ]
   },
   "AccessList": null,
   "SkipAccountChecks": false
  },
  "blockNumberDelay": 17137,
  "blockTimestampDelay": 94662
 }
]