[
 {
  "call": {
   "from": "0x0000000000000000000000000000000000010000",
   "to": "0xc27fbedbf5253341c9878f51a6457bf582ced511",
   "nonce": 0,
   "value": "0x0",
   "gasLimit": 12500000,
   "gasPrice": "0x1",
   "gasFeeCap": "0x0",
   "gasTipCap": "0x0",
   "data": "0xac9a79aa000000000000000000000000eeeeeeeeeeeeeeeeeeeeeeeeeeeeeeeeeeeeeeee00000000000000000000000000000000000000000000000000000000e675838a",
   "dataAbiValues": {
    "methodName": "removeAssetPriceFeed",
    "inputValues": [
     "0xEeeeeEeeeEeEeeEeEeEeeEEEeeeeEeeeeeeeEEeE",
     "0x00000000000000000000000000000000e675838a"
    ]
   },
   "AccessList": null,
   "SkipAccountChecks": false
  },
  "blockNumberDelay": 17137,
  "blockTimestampDelay": 94662
 },
 {
  "call": {
   "from": "0x0000000000000000000000000000000000030000",
   "to": "0x2b28fb2641bd0c432d53d909e84d3a41aba92fff",
   "nonce": 1,
   "value": "0x0",
   "gasLimit": 12500000,
   "gasPrice": "0x1",
   "gasFeeCap": "0x0",
   "gasTipCap": "0x0",
   "data": "0xa0712d6800000000001c25c268497681c2650cb4be40d60df7311dfcc2a1649739953bdd",
   "dataAbiValues": {
    "methodName": "mint",
    "inputValues": [
     "11579208923731619542357098500868790785326995594661892000973143005"
    ]
   },
   "AccessList": null,
   "SkipAccountChecks": false
  },
  "blockNumberDelay": 104,
  "blockTimestampDelay": 128
 }
]