[
 {
  "call": {
   "from": "0x0000000000000000000000000000000000010000",
   "to": "0x2b28fb2641bd0c432d53d909e84d3a41aba92fff",
   "nonce": 0,
   "value": "0x0",
   "gasLimit": 12500000,
   "gasPrice": "0x1",
   "gasFeeCap": "0x0",
   "gasTipCap": "0x0",
   "data": "0x0f5166ae00000000000000000000000048e4f3f3dae11341ff2edf60af6857ae08c871c50000000000000000000000000000000000000000000000000000000000000001",
   "dataAbiValues": {
    "methodName": "setBorrowApproval",
    "inputValues": [
     "0x48E4F3f3daE11341ff2eDF60Af6857Ae08C871C5",
     true
    ]
   },
   "AccessList": null,
   "SkipAccountChecks": false
  },
  "blockNumberDelay": 0,
  "blockTimestampDelay": 0
 },
 {
  "call": {
   "from": "0x0000000000000000000000000000000000020000",
   "to": "0x587be02d13c624e65b3d98c33fdf3eea13aaaf97",
   "nonce": 0,
   "value": "0x0",
   "gasLimit": 12500000,
   "gasPrice": "0x1",
   "gasFeeCap": "0x0",
   "gasTipCap": "0x0",
   "data": "0x0168956a000000000000000000000000e4e8891ecc8dbc2ceb700a22fa7f57f53d734623",
   "dataAbiValues": {
    "methodName": "setCVE",
    "inputValues": [
     "0xE4E8891ecC8Dbc2CeB700A22Fa7f57F53d734623"
    ]
   },
   "AccessList": null,
   "SkipAccountChecks": false
  },
  "blockNumberDelay": 0,
  "blockTimestampDelay": 0
 },
 {
  "call": {
   "from": "0x0000000000000000000000000000000000010000",
   "to": "0x2b28fb2641bd0c432d53d909e84d3a41aba92fff",
   "nonce": 1,
   "value": "0x0",
   "gasLimit": 12500000,
   "gasPrice": "0x1",
   "gasFeeCap": "0x0",
   "gasTipCap": "0x0",
   "data": "0xa0712d6802c115396974595bdf22121d07b7b071dc5a37105adb87d272e7c41231c10602",
   "dataAbiValues": {
    "methodName": "mint",
    "inputValues": [
     "1245773665164657433316453132604068194192093857384515301910677494417412130306"
    ]
   },
   "AccessList": null,
   "SkipAccountChecks": false
  },
  "blockNumberDelay": 38071,
  "blockTimestampDelay": 138270
 },
 {
  "call": {
   "from": "0x0000000000000000000000000000000000020000",
   "to": "0x587be02d13c624e65b3d98c33fdf3eea13aaaf97",
   "nonce": 1,
   "value": "0x0",
   "gasLimit": 12500000,
   "gasPrice": "0x1",
   "gasFeeCap": "0x0",
   "gasTipCap": "0x0",
   "data": "0x2157ded7000000000000000000000000e219b4d6baaab00fbbe00fa31badf888f5f3beeb40f4d1d09244e2df53d0f505b21f8cbac85bd8684f33693790382402f201c380",
   "dataAbiValues": {
    "methodName": "removeChainSupport",
    "inputValues": [
     "0xe219B4d6BaAaB00fBbe00FA31baDF888F5F3beeB",
     "29380581081194293358406389474720614895846171946085680076911600831259989885824"
    ]
   },
   "AccessList": null,
   "SkipAccountChecks": false
  },
  "blockNumberDelay": 9559,
  "blockTimestampDelay": 243588
 }
]