[
 {
  "call": {
   "from": "0x0000000000000000000000000000000000030000",
   "to": "0x587be02d13c624e65b3d98c33fdf3eea13aaaf97",
   "nonce": 1,
   "value": "0x0",
   "gasLimit": 12500000,
   "gasPrice": "0x1",
   "gasFeeCap": "0x0",
   "gasTipCap": "0x0",
   "data": "0x99385006000000000000000000000000587be02d13c624e65b3d98c33fdf3eea13aaaf97",
   "dataAbiValues": {
    "methodName": "addSwapper",
    "inputValues": [
     "0x587be02D13c624E65b3D98C33fdf3Eea13aAAf97"
    ]
   },
   "AccessList": null,
   "SkipAccountChecks": false
  },
  "blockNumberDelay": 59789,
  "blockTimestampDelay": 267718
 }
]