[
 {
  "call": {
   "from": "0x0000000000000000000000000000000000010000",
   "to": "0x58b0675d461521c0a9258a06f095208a6a531a91",
   "nonce": 0,
   "value": "0x0",
   "gasLimit": 12500000,
   "gasPrice": "0x1",
   "gasFeeCap": "0x0",
   "gasTipCap": "0x0",
   "data": "0x0dd1d05f",
   "dataAbiValues": {
    "methodName": "exchangeRateWithUpdate",
    "inputValues": []
   },
   "AccessList": null,
   "SkipAccountChecks": false
  },
  "blockNumberDelay": 59576,
  "blockTimestampDelay": 367923
 },
 {
  "call": {
   "from": "0x0000000000000000000000000000000000010000",
   "to": "0x2b28fb2641bd0c432d53d909e84d3a41aba92fff",
   "nonce": 1,
   "value": "0x0",
   "gasLimit": 12500000,
   "gasPrice": "0x1",
   "gasFeeCap": "0x0",
   "gasTipCap": "0x0",
   "data": "0xad62f1ca3778b52b3a9edcb6f1c7a154891c673ada46153dd1bd7ab3b4fd2af1845af3b100000000000000000000000027b20dc3bb0c2a28fa259270bcd377c9acbbfc18",
   "dataAbiValues": {
    "methodName": "mintFor",
    "inputValues": [
     "25090478701392998281127042237091822792195703061468283111009287101541699482545",
     "0x27b20dC3bb0c2A28FA259270Bcd377c9ACBbFc18"
    ]
   },
   "AccessList": null,
   "SkipAccountChecks": false
  },
  "blockNumberDelay": 30415,
  "blockTimestampDelay": 395152
 }
]