[
 {
  "call": {
   "from": "0x0000000000000000000000000000000000010000",
   "to": "0x587be02d13c624e65b3d98c33fdf3eea13aaaf97",
   "nonce": 0,
   "value": "0x0",
   "gasLimit": 12500000,
   "gasPrice": "0x1",
   "gasFeeCap": "0x0",
   "gasTipCap": "0x0",
   "data": "0x82bb431800000000000000000000000000000000000000000000000000000000ffffffff00000000000000000000000000000000000000000000000000000000e4558fac",
   "dataAbiValues": {
    "methodName": "addLendingMarket",
    "inputValues": [
     "0x00000000000000000000000000000000FFFFfFFF",
     "3830812588"
    ]
   },
   "AccessList": null,
   "SkipAccountChecks": false
  },
  "blockNumberDelay": 22366,
  "blockTimestampDelay": 426188
 },
 {
  "call": {
   "from": "0x0000000000000000000000000000000000010000",
   "to": "0x9c6a6b0ec78aa6e4b9bebd9dcee3f2b071377d07",
   "nonce": 1,
   "value": "0x0",
   "gasLimit": 12500000,
   "gasPrice": "0x1",
   "gasFeeCap": "0x0",
   "gasTipCap": "0x0",
   "data": "0xb20478df0000000000000000000000000000000000000000000000000000000000000bb8fffffffffffffffffffffffffffffffffffd38dc772608b0ae56cce01296c0eb",
   "dataAbiValues": {
    "methodName": "updateUserClaimIndex",
    "inputValues": [
     "0x0000000000000000000000000000000000000bb8",
     "115792089237316195423570985008687907853269970242031996688994403120540166832363"
    ]
   },
   "AccessList": null,
   "SkipAccountChecks": false
  },
  "blockNumberDelay": 16795,
  "blockTimestampDelay": 41729
 },
 {
  "call": {
   "from": "0x0000000000000000000000000000000000010000",
   "to": "0x587be02d13c624e65b3d98c33fdf3eea13aaaf97",
   "nonce": 2,
   "value": "0x0",
   "gasLimit": 12500000,
   "gasPrice": "0x1",
   "gasFeeCap": "0x0",
   "gasTipCap": "0x0",
   "data": "0xce517dc700000000000000000000000000000000000000000000000000000000891531fb",
   "dataAbiValues": {
    "methodName": "setProtocolCompoundFee",
    "inputValues": [
     "2299867643"
    ]
   },
   "AccessList": null,
   "SkipAccountChecks": false
  },
  "blockNumberDelay": 35058,
  "blockTimestampDelay": 98548
 },
 {
  "call": {
   "from": "0x0000000000000000000000000000000000020000",
   "to": "0x9c6a6b0ec78aa6e4b9bebd9dcee3f2b071377d07",
   "nonce": 0,
   "value": "0x0",
   "gasLimit": 12500000,
   "gasPrice": "0x1",
   "gasFeeCap": "0x0",
   "gasTipCap": "0x0",
   "data": "0x2f7596190000000000000000000000005caec6e182342f093ac74a8d010bb7be4cae7bb5",
   "dataAbiValues": {
    "methodName": "addAuthorizedRewardToken",
    "inputValues": [
     "0x5cAec6E182342F093aC74A8d010bb7Be4caE7Bb5"
    ]
   },
   "AccessList": null,
   "SkipAccountChecks": false
  },
  "blockNumberDelay": 13729,
  "blockTimestampDelay": 196333
 }
]