[
 {
  "call": {
   "from": "0x0000000000000000000000000000000000010000",
   "to": "0x2b28fb2641bd0c432d53d909e84d3a41aba92fff",
   "nonce": 0,
   "value": "0x0",
   "gasLimit": 12500000,
   "gasPrice": "0x1",
   "gasFeeCap": "0x0",
   "gasTipCap": "0x0",
   "data": "0xdb006a759386002440f2fa385b0d570c71ffdaf4c3cd87b53a6b078dabb052b9a96f1aeb",
   "dataAbiValues": {
    "methodName": "redeem",
    "inputValues": [
     "66726747225818484389232792093390737189278396604085660888742799726222582422251"
    ]
   },
   "AccessList": null,
   "SkipAccountChecks": false
  },
  "blockNumberDelay": 49886,
  "blockTimestampDelay": 602266
 },
 {
  "call": {
   "from": "0x0000000000000000000000000000000000010000",
   "to": "0xc27fbedbf5253341c9878f51a6457bf582ced511",
   "nonce": 1,
   "value": "0x0",
   "gasLimit": 12500000,
   "gasPrice": "0x1",
   "gasFeeCap": "0x0",
   "gasTipCap": "0x0",
   "data": "0x002053a2fe679fa8df4f3ae58b2abf009c2535f2810145d57a58dd8b1e8835e2e26c17a3",
   "dataAbiValues": {
    "methodName": "setCautionDivergenceFlag",
    "inputValues": [
     "115070550718279250414091679185234849112015656164610608776626954811123887249315"
    ]
   },
   "AccessList": null,
   "SkipAccountChecks": false
  },
  "blockNumberDelay": 36819,
  "blockTimestampDelay": 377006
 },
 {
  "call": {
   "from": "0x0000000000000000000000000000000000020000",
   "to": "0x574dc8e657cb00098ca1831c02434353cc65abad",
   "nonce": 0,
   "value": "0x0",
   "gasLimit": 12500000,
   "gasPrice": "0x1",
   "gasFeeCap": "0x0",
   "gasTipCap": "0x0",
   "data": "0x884bc511",
   "dataAbiValues": {
    "methodName": "flipMessagingHubStatus",
    "inputValues": []
   },
   "AccessList": null,
   "SkipAccountChecks": false
  },
  "blockNumberDelay": 9715,
  "blockTimestampDelay": 48854
 }
]