[
 {
  "call": {
   "from": "0x0000000000000000000000000000000000030000",
   "to": "0xc27fbedbf5253341c9878f51a6457bf582ced511",
   "nonce": 1,
   "value": "0x0",
   "gasLimit": 12500000,
   "gasPrice": "0x1",
   "gasFeeCap": "0x0",
   "gasTipCap": "0x0",
   "data": "0x7adee476fffffffffffffffffffffffffffffffffffffd88a6b66e3037a091db9e7c8327",
   "dataAbiValues": {
    "methodName": "setBadSourceDivergenceFlag",
    "inputValues": [
     "115792089237316195423570985008687907853269984615619960386921800987951297757991"
    ]
   },
   "AccessList": null,
   "SkipAccountChecks": false
  },
  "blockNumberDelay": 60297,
  "blockTimestampDelay": 394500
 }
]