[
 {
  "call": {
   "from": "0x0000000000000000000000000000000000010000",
   "to": "0xc27fbedbf5253341c9878f51a6457bf582ced511",
   "nonce": 0,
   "value": "0x0",
   "gasLimit": 12500000,
   "gasPrice": "0x1",
   "gasFeeCap": "0x0",
   "gasTipCap": "0x0",
   "data": "0x002053a2000000000000000000000000000000000000000000000000a5caec197d380dd0",
   "dataAbiValues": {
    "methodName": "setCautionDivergenceFlag",
    "inputValues": [
     "11946620555772825040"
    ]
   },
   "AccessList": null,
   "SkipAccountChecks": false
  },
  "blockNumberDelay": 40402,
  "blockTimestampDelay": 394500
 },
 {
  "call": {
   "from": "0x0000000000000000000000000000000000010000",
   "to": "0x54919a19522ce7c842e25735a9cfecef1c0a06da",
   "nonce": 1,
   "value": "0x0",
   "gasLimit": 12500000,
   "gasPrice": "0x1",
   "gasFeeCap": "0x0",
   "gasTipCap": "0x0",
   "data": "0xa0712d68ffffffffffffffffa263ce1cf4a51447ef3692377ee376849d98ee96b4e6188d",
   "dataAbiValues": {
    "methodName": "mint",
    "inputValues": [
     "115792089237316195421275671147453785963134209032237886288229656135932657932429"
    ]
   },
   "AccessList": null,
   "SkipAccountChecks": false
  },
  "blockNumberDelay": 2,
  "blockTimestampDelay": 281525
 },
 {
  "call": {
   "from": "0x0000000000000000000000000000000000030000",
   "to": "0x587be02d13c624e65b3d98c33fdf3eea13aaaf97",
   "nonce": 1,
   "value": "0x0",
   "gasLimit": 12500000,
   "gasPrice": "0x1",
   "gasFeeCap": "0x0",
   "gasTipCap": "0x0",
   "data": "0x231fa01f62ad23891360d1c7f127b5da7a00629ef296d4f170a2f46aaad6168c98988383",
   "dataAbiValues": {
    "methodName": "setEarlyUnlockPenaltyMultiplier",
    "inputValues": [
     "44632568960042360375159787518195791115576906651957236611619837656955260273539"
    ]
   },
   "AccessList": null,
   "SkipAccountChecks": false
  },
  "blockNumberDelay": 33069,
  "blockTimestampDelay": 360484
 },
 {
  "call": {
   "from": "0x0000000000000000000000000000000000030000",
   "to": "0x587be02d13c624e65b3d98c33fdf3eea13aaaf97",
   "nonce": 2,
   "value": "0x0",
   "gasLimit": 12500000,
   "gasPrice": "0x1",
   "gasFeeCap": "0x0",
   "gasTipCap": "0x0",
   "data": "0xdb2a1a81000000000000000000000000815f048281bd5751d2d5dde1d83ed46283041925",
   "dataAbiValues": {
    "methodName": "transferEmergencyCouncil",
    "inputValues": [
     "0x815f048281bD5751d2d5dde1D83eD46283041925"
    ]
   },
   "AccessList": null,
   "SkipAccountChecks": false
  },
  "blockNumberDelay": 18192,
  "blockTimestampDelay": 217158
 },
 {
  "call": {
   "from": "0x0000000000000000000000000000000000010000",
   "to": "0xb2305ec024e0bc288f8427b26da45a7f0d72dca8",
   "nonce": 2,
   "value": "0x0",
   "gasLimit": 12500000,
   "gasPrice": "0x1",
   "gasFeeCap": "0x0",
   "gasTipCap": "0x0",
   "data": "0xc8e440d90000000000000000000000000000000000000000000000000000000000000001000000000000000000000000000000000000000000000000000000007f5e9f20",
   "dataAbiValues": {
    "methodName": "executeOTC",
    "inputValues": [
     "0x0000000000000000000000000000000000000001",
     "2136907552"
    ]
   },
   "AccessList": null,
   "SkipAccountChecks": false
  },
  "blockNumberDelay": 2053,
  "blockTimestampDelay": 2822
 }
]