[
 {
  "call": {
   "from": "0x0000000000000000000000000000000000020000",
   "to": "0x587be02d13c624e65b3d98c33fdf3eea13aaaf97",
   "nonce": 0,
   "value": "0x0",
   "gasLimit": 12500000,
   "gasPrice": "0x1",
   "gasFeeCap": "0x0",
   "gasTipCap": "0x0",
   "data": "0x6cd54a7400000000000000000000000058b0675d461521c0a9258a06f095208a6a531a91",
   "dataAbiValues": {
    "methodName": "setVeCVE",
    "inputValues": [
     "0x58b0675D461521C0a9258a06f095208A6A531A91"
    ]
   },
   "AccessList": null,
   "SkipAccountChecks": false
  },
  "blockNumberDelay": 8970,
  "blockTimestampDelay": 266119
 }
]