[
 {
  "call": {
   "from": "0x0000000000000000000000000000000000020000",
   "to": "0x587be02d13c624e65b3d98c33fdf3eea13aaaf97",
   "nonce": 0,
   "value": "0x0",
   "gasLimit": 12500000,
   "gasPrice": "0x1",
   "gasFeeCap": "0x0",
   "gasTipCap": "0x0",
   "data": "0xaff660950000000000000000000000000000000000000000000000000000000000002ee0",
   "dataAbiValues": {
    "methodName": "removeHarvester",
    "inputValues": [
     "0x0000000000000000000000000000000000002ee0"
    ]
   },
   "AccessList": null,
   "SkipAccountChecks": false
  },
  "blockNumberDelay": 18255,
  "blockTimestampDelay": 177016
 }
]