[
 {
  "call": {
   "from": "0x0000000000000000000000000000000000010000",
   "to": "0xc27fbedbf5253341c9878f51a6457bf582ced511",
   "nonce": 0,
   "value": "0x0",
   "gasLimit": 12500000,
   "gasPrice": "0x1",
   "gasFeeCap": "0x0",
   "gasTipCap": "0x0",
   "data": "0x002053a2000000000000000000000000000000000000000000000000a5caec197d380dd0",
   "dataAbiValues": {
    "methodName": "setCautionDivergenceFlag",
    "inputValues": [
     "11946620555772825040"
    ]
   },
   "AccessList": null,
   "SkipAccountChecks": false
  },
  "blockNumberDelay": 40402,
  "blockTimestampDelay": 394500
 },
 {
  "call": {
   "from": "0x0000000000000000000000000000000000010000",
   "to": "0x54919a19522ce7c842e25735a9cfecef1c0a06da",
   "nonce": 1,
   "value": "0x0",
   "gasLimit": 12500000,
   "gasPrice": "0x1",
   "gasFeeCap": "0x0",
   "gasTipCap": "0x0",
   "data": "0xa0712d68ffffffffffffffffa263ce1cf4a51447ef3692377ee376849d98ee96b4e6188d",
   "dataAbiValues": {
    "methodName": "mint",
    "inputValues": [
     "115792089237316195421275671147453785963134209032237886288229656135932657932429"
    ]
   },
   "AccessList": null,
   "SkipAccountChecks": false
  },
  "blockNumberDelay": 2,
  "blockTimestampDelay": 281525
 },
 {
  "call": {
   "from": "0x0000000000000000000000000000000000030000",
   "to": "0x9c6a6b0ec78aa6e4b9bebd9dcee3f2b071377d07",
   "nonce": 1,
   "value": "0x0",
   "gasLimit": 12500000,
   "gasPrice": "0x1",
   "gasFeeCap": "0x0",
   "gasTipCap": "0x0",
   "data": "0x71008ed4",
   "dataAbiValues": {
    "methodName": "notifyLockerShutdown",
    "inputValues": []
   },
   "AccessList": null,
   "SkipAccountChecks": false
  },
  "blockNumberDelay": 32346,
  "blockTimestampDelay": 180925
 }
]