[
 {
  "call": {
   "from": "0x0000000000000000000000000000000000020000",
   "to": "0x587be02d13c624e65b3d98c33fdf3eea13aaaf97",
   "nonce": 0,
   "value": "0x0",
   "gasLimit": 12500000,
   "gasPrice": "0x1",
   "gasFeeCap": "0x0",
   "gasTipCap": "0x0",
   "data": "0x2157ded7000000000000000000000000785a3ec71bf82ad8265a6b20272ca267f1db8da00000000000000000000000000000000000000000000000000000000021c92e00",
   "dataAbiValues": {
    "methodName": "removeChainSupport",
    "inputValues": [
     "0x785a3Ec71bf82ad8265a6B20272cA267F1DB8Da0",
     "566832640"
    ]
   },
   "AccessList": null,
   "SkipAccountChecks": false
  },
  "blockNumberDelay": 38316,
  "blockTimestampDelay": 369285
 },
 {
  "call": {
   "from": "0x0000000000000000000000000000000000030000",
   "to": "0x587be02d13c624e65b3d98c33fdf3eea13aaaf97",
   "nonce": 1,
   "value": "0x0",
   "gasLimit": 12500000,
   "gasPrice": "0x1",
   "gasFeeCap": "0x0",
   "gasTipCap": "0x0",
   "data": "0x231fa01ffffffd985c93f36a4c68a54974071c4026282dac7d1e4e25398b621e9fe0825a",
   "dataAbiValues": {
    "methodName": "setEarlyUnlockPenaltyMultiplier",
    "inputValues": [
     "115792072639738642737956763517579116584359279018777266560677248096664213815898"
    ]
   },
   "AccessList": null,
   "SkipAccountChecks": false
  },
  "blockNumberDelay": 10357,
  "blockTimestampDelay": 10479
 },
 {
  "call": {
   "from": "0x0000000000000000000000000000000000020000",
   "to": "0x587be02d13c624e65b3d98c33fdf3eea13aaaf97",
   "nonce": 1,
   "value": "0x0",
   "gasLimit": 12500000,
   "gasPrice": "0x1",
   "gasFeeCap": "0x0",
   "gasTipCap": "0x0",
   "data": "0x9931a8830000000000000000000000000000000000000000000000000000000000000008",
   "dataAbiValues": {
    "methodName": "transferDaoOwnership",
    "inputValues": [
     "0x0000000000000000000000000000000000000008"
    ]
   },
   "AccessList": null,
   "SkipAccountChecks": false
  },
  "blockNumberDelay": 51298,
  "blockTimestampDelay": 77701
 }
]