[
 {
  "call": {
   "from": "0x0000000000000000000000000000000000010000",
   "to": "0x58b0675d461521c0a9258a06f095208a6a531a91",
   "nonce": 0,
   "value": "0x0",
   "gasLimit": 12500000,
   "gasPrice": "0x1",
   "gasFeeCap": "0x0",
   "gasTipCap": "0x0",
   "data": "0x0dd1d05f",
   "dataAbiValues": {
    "methodName": "exchangeRateWithUpdate",
    "inputValues": []
   },
   "AccessList": null,
   "SkipAccountChecks": false
  },
  "blockNumberDelay": 59576,
  "blockTimestampDelay": 367923
 },
 {
  "call": {
   "from": "0x0000000000000000000000000000000000010000",
   "to": "0x2b28fb2641bd0c432d53d909e84d3a41aba92fff",
   "nonce": 1,
   "value": "0x0",
   "gasLimit": 12500000,
   "gasPrice": "0x1",
   "gasFeeCap": "0x0",
   "gasTipCap": "0x0",
   "data": "0xad62f1ca3778b52b3a9edcb6f1c7a154891c673ada46153dd1bd7ab3b4fd2af1845af3b100000000000000000000000027b20dc3bb0c2a28fa259270bcd377c9acbbfc18",
   "dataAbiValues": {
    "methodName": "mintFor",
    "inputValues": [
     "25090478701392998281127042237091822792195703061468283111009287101541699482545",
     "0x27b20dC3bb0c2A28FA259270Bcd377c9ACBbFc18"
    ]
   },
   "AccessList": null,
   "SkipAccountChecks": false
  },
  "blockNumberDelay": 30415,
  "blockTimestampDelay": 395152
 },
 {
  "call": {
   "from": "0x0000000000000000000000000000000000020000",
   "to": "0x49be013ba450ca2893b167aeac4044c873eae700",
   "nonce": 0,
   "value": "0x0",
   "gasLimit": 12500000,
   "gasPrice": "0x1",
   "gasFeeCap": "0x0",
   "gasTipCap": "0x0",
   "data": "0x2761f63567d86ca4ff1e60567db2aec920ab1fa64fc0d5ce0adfae9c1cb677270127dd9c00000000000000000000000051036016bcba550bb9dca3901b1f659f577cd4b6",
   "dataAbiValues": {
    "methodName": "removePartnerGauge",
    "inputValues": [
     "46970612206972406279863445288080780051856086981149966844428898218868851858844",
     "0x51036016bCBA550BB9Dca3901b1F659F577cD4B6"
    ]
   },
   "AccessList": null,
   "SkipAccountChecks": false
  },
  "blockNumberDelay": 52304,
  "blockTimestampDelay": 348625
 }
]